{
  "rmse": 0.5173020809705379,
  "mae": 0.4205476705662051,
  "r2": 0.15270433749199608
}